---
layout: post
title: "ch05 更改表"
date: 2017-11-03 08:21:49
categories: MySQL
tags: MySQL, book, Learning MySQL and MariaDB
---

# 5 更改表

## 5.1 改表需谨慎

改表前做好备份，复制一份放到test数据库，在test数据库中修改

用mysqldump备份birds表

```shell
mkdir -p /data/backup

mysqldump --user='russell' -p123456 \
rookery birds > /data/backup/birds.$(date +%F_%N).sql
```

备份rookery数据库

```shell
mysqldump --user='russell' -p123456 \
rookery > /data/backup/rookery.$(date +%F_%N).sql
```

还原

```shell
mysql --user='russell' -p \
> rookery < /data/backup/rookery-ch2-end.sql
```

## 5.2 必修的改表技能

增加列

```sql
ALTER TABLE bird_families ADD COLUMN order_id INT;
```

复制表结构

```sql
CREATE TABLE test.birds_new like birds;
USE test
DESC birds_new;
```

复制数据

```sql
INSERT INTO test.birds_new
SELECT * FROM rookery.birds;
```

创建表的同时复制结构和数据

```sql
CREATE TABLE birds_new_alternative 
SELECT * FROM rookery.birds;

-- 说明
-- 复制的表没有bird_id列没有PRIMARY KEY和AUTO_INCREMENT
-- 如果要把所有设定也复制过来，先CREATE...LIKE再INSERT...SELECT
```

删除表

```sql
DROP TABLE birds_new_alternative;
```

删除表的一个列

```sql
ALTER TABLE birds_new ADD COLUMN wing_id CHAR(2) AFTER family_id;
DESC birds_new;
ALTER TABLE birds_new DROP COLUMN wing_id;
```

一次增加多列，修改列名用CHANGE

```sql
ALTER TABLE birds_new
ADD COLUMN body_id CHAR(2) AFTER wing_id,
ADD COLUMN bill_id CHAR(2) AFTER body_id,
ADD COLUMN endangered BIT DEFAULT b'1' AFTER bill_id,
CHANGE COLUMN common_name common_name VARCHAR(255);

-- 说明
-- 指定列顺序时如果想添加到第一列用 FIRST
-- 用CHANGE，必须重新指定列名和数据类型，即必须完整地声明整个新列
```

BIT 数据类型 DEFAULT b'1'

```sql
SELECT * FROM birds_new WHERE endangered;
SELECT * FROM birds_new WHERE NOT endangered;

-- 说明
-- BIT 数据类型。这个类型只占一位，状态有两种： 1 代表有设值， 0 代表没设值
-- 它有保存值，但是显示不出来
-- WHERE endangered 对于BIT类型来说，相当于 WHERE endangered = 1

UPDATE birds_new SET endangered=0 WHERE bird_id in (1, 2, 4, 5, 6);
SELECT bird_id, scientific_name, common_name FROM birds_new WHERE endangered \G
```

将列改成枚举类型

```sql
ALTER TABLE birds_new
MODIFY COLUMN endangered
ENUM('Extinct',
'Extinct in Wild',
'Threatened - Critically Endangered',
'Threatened - Endangered',
'Threatened - Vulnerable',
'Lower Risk - Conservation Dependent',
'Lower Risk - Near Threatened',
'Lower Risk - Least Concern')
AFTER family_id;
```

只查看某一列的定义

```sql
SHOW COLUMNS FROM birds_new LIKE 'endangered' \G
```

### 动态列

MariaDB支持

## 5.3 选修的改表技能

### 5.3.1 设置列的默认值

创建参考表并插入数据

```sql
CREATE TABLE rookery.conservation_status
(status_id INT AUTO_INCREMENT PRIMARY KEY,
conservation_category CHAR(10),
conservation_state CHAR(25) );

INSERT INTO rookery.conservation_status
(conservation_category, conservation_state)
VALUES('Extinct','Extinct'),
('Extinct','Extinct in Wild'),
('Threatened','Critically Endangered'),
('Threatened','Endangered'),
('Threatened','Vulnerable'),
('Lower Risk','Conservation Dependent'),
('Lower Risk','Near Threatened'),
('Lower Risk','Least Concern');
```

birds_new表加conservation_status_id并设置默认值为7

```sql
ALTER TABLE birds_new CHANGE endangered conservation_status_id INT DEFAULT 8;

ALTER TABLE birds_new ALTER conservation_status_id SET DEFAULT 7;
```

查看列定义

```sql
SHOW COLUMNS FROM birds_new LIKE 'conservation_status_id' \G
```

取消默认值

```sql
ALTER TABLE birds_new ALTER conservation_status_id DROP DEFAULT;
```

### 5.3.2 设置AUTO_INCREMENT的值

查看auto_increment

```sql
SELECT auto_increment FROM information_schema.tables where table_name = 'birds';
```

更改auto_increment

```sql
ALTER TABLE birds AUTO_INCREMENT = 10;
```

### 5.3.3 改表和建表的另一种方法

```sql
CREATE TABLE birds_new LIKE birds;

-- 说明
-- 如果新表有一列使用AUTO_INCREMENT作为默认值 ，那么它自增值将是从0开始
-- 需要根据birds表AUTO_INCREMENT的当前值来设定新表AUTO_INCREMNT的初始值
-- 以使新表的新行能获取正确的标识号
```

拆分birds表

```sql
CREATE TABLE bird_details SELECT bird_id, description FROM birds;

ALTER TABLE birds DROP COLUMN description;
```

### 5.3.4 重命名一个表

```sql
RENAME TABLE rookery.birds TO rookery.birds_old,
test.birds_new TO rookery.birds;
```

### 5.3.5 重排序一个表

查询不用order by 时的默认排序

```sql
ALTER TABLE country_codes ORDER BY country_code;
```

## 5.4 索引

查看索引

```sql
SHOW INDEX FROM birdwatchers.humans \G
-- result
*************************** 1. row ***************************
        Table: humans
   Non_unique: 0
     Key_name: PRIMARY
 Seq_in_index: 1
  Column_name: human_id
    Collation: A
  Cardinality: 4
     Sub_part: NULL
       Packed: NULL
         Null: 
   Index_type: BTREE
      Comment: 
Index_comment: 
1 row in set (0.00 sec)
```

执行查询

```sql
EXPLAIN SELECT * FROM birdwatchers.humans WHERE name_last = 'Hollar' \G
-- result
*************************** 1. row ***************************
           id: 1
  select_type: SIMPLE
        table: humans
         type: ALL
possible_keys: NULL
          key: NULL
      key_len: NULL
          ref: NULL
         rows: 4
        Extra: Using where
1 row in set (0.00 sec)

-- 说明
-- possible_keys表示SELECT语句可能用到的键
-- key表示按哪列进行索引，列出语句实际应用到的索引
```

加索引

```sql
ALTER TABLE birdwatchers.humans ADD INDEX human_names (name_last, name_first);
```

查看索引 

```sql
SHOW CREATE TABLE birdwatchers.humans \G
-- result
*************************** 1. row ***************************
       Table: humans
Create Table: CREATE TABLE `humans` (
  `human_id` int(11) NOT NULL AUTO_INCREMENT,
  `formal_title` varchar(25) DEFAULT NULL,
  `name_first` varchar(25) DEFAULT NULL,
  `name_last` varchar(25) DEFAULT NULL,
  `email_address` varchar(255) DEFAULT NULL,
  PRIMARY KEY (`human_id`),
  KEY `human_names` (`name_last`,`name_first`)
) ENGINE=InnoDB AUTO_INCREMENT=5 DEFAULT CHARSET=utf8
1 row in set (0.00 sec)

SHOW INDEX FROM humans WHERE Key_name = 'human_names' \G
-- result
*************************** 1. row ***************************
        Table: humans
   Non_unique: 1
     Key_name: human_names
 Seq_in_index: 1
  Column_name: name_last
    Collation: A
  Cardinality: 4
     Sub_part: NULL
       Packed: NULL
         Null: YES
   Index_type: BTREE
      Comment: 
Index_comment: 
*************************** 2. row ***************************
        Table: humans
   Non_unique: 1
     Key_name: human_names
 Seq_in_index: 2
  Column_name: name_first
    Collation: A
  Cardinality: 4
     Sub_part: NULL
       Packed: NULL
         Null: YES
   Index_type: BTREE
      Comment: 
Index_comment: 
2 rows in set (0.00 sec)

```

再次执行查询 

```sql
EXPLAIN SELECT * FROM humans WHERE name_last = 'Hollar' \G
-- result
*************************** 1. row ***************************
           id: 1
  select_type: SIMPLE
        table: humans
         type: ref
possible_keys: human_names
          key: human_names
      key_len: 78
          ref: const
         rows: 1
        Extra: Using index condition
1 row in set (0.00 sec)

```

重命名一个索引列

```sql
ALTER TABLE conservation_status CHANGE status_id conservation_status_id INT AUTO_INCREMENT PRIMARY KEY;
-- result
ERROR 1068 (42000): Multiple primary key defined

-- 说明
-- 报错啦，说明不能这样重命名
```

重命名一个索引列的正确做法

```sql
ALTER TABLE conservation_status DROP PRIMARY KEY,
CHANGE status_id conservation_status_id INT PRIMARY KEY AUTO_INCREMENT:
```

## 5.5 小结

## 5.6 习题

